"Ticker","Date","Adj_Close","company_id","stock_ticker","company","date_ipo","market_capitalization","pet_market_segment","company_size"
"CHWY","2019-06-17 00:00:00",33.700001,1,"CHWY","Chewy, Inc,","2019-06-14","13.95B","Pet Supplies, E-commerce",21300
"CHWY","2019-06-18 00:00:00",37.360001,1,"CHWY","Chewy, Inc,","2019-06-14","13.95B","Pet Supplies, E-commerce",21300
"CHWY","2019-06-19 00:00:00",34.900002,1,"CHWY","Chewy, Inc,","2019-06-14","13.95B","Pet Supplies, E-commerce",21300
"CHWY","2019-06-20 00:00:00",34.23,1,"CHWY","Chewy, Inc,","2019-06-14","13.95B","Pet Supplies, E-commerce",21300
"CHWY","2019-06-21 00:00:00",32.279999,1,"CHWY","Chewy, Inc,","2019-06-14","13.95B","Pet Supplies, E-commerce",21300
"CHWY","2019-06-24 00:00:00",31.530001,1,"CHWY","Chewy, Inc,","2019-06-14","13.95B","Pet Supplies, E-commerce",21300
"CHWY","2019-06-25 00:00:00",31.799999,1,"CHWY","Chewy, Inc,","2019-06-14","13.95B","Pet Supplies, E-commerce",21300
"CHWY","2019-06-26 00:00:00",32.369999,1,"CHWY","Chewy, Inc,","2019-06-14","13.95B","Pet Supplies, E-commerce",21300
"CHWY","2019-06-27 00:00:00",33.310001,1,"CHWY","Chewy, Inc,","2019-06-14","13.95B","Pet Supplies, E-commerce",21300
"CHWY","2019-06-28 00:00:00",35,1,"CHWY","Chewy, Inc,","2019-06-14","13.95B","Pet Supplies, E-commerce",21300
"CHWY","2019-07-01 00:00:00",33.650002,1,"CHWY","Chewy, Inc,","2019-06-14","13.95B","Pet Supplies, E-commerce",21300
"CHWY","2019-07-02 00:00:00",33.009998,1,"CHWY","Chewy, Inc,","2019-06-14","13.95B","Pet Supplies, E-commerce",21300
"CHWY","2019-07-03 00:00:00",33.82,1,"CHWY","Chewy, Inc,","2019-06-14","13.95B","Pet Supplies, E-commerce",21300
"CHWY","2019-07-05 00:00:00",34.27,1,"CHWY","Chewy, Inc,","2019-06-14","13.95B","Pet Supplies, E-commerce",21300
"CHWY","2019-07-08 00:00:00",34.400002,1,"CHWY","Chewy, Inc,","2019-06-14","13.95B","Pet Supplies, E-commerce",21300
"CHWY","2019-07-09 00:00:00",33.290001,1,"CHWY","Chewy, Inc,","2019-06-14","13.95B","Pet Supplies, E-commerce",21300
"CHWY","2019-07-10 00:00:00",33.209999,1,"CHWY","Chewy, Inc,","2019-06-14","13.95B","Pet Supplies, E-commerce",21300
"CHWY","2019-07-11 00:00:00",33.380001,1,"CHWY","Chewy, Inc,","2019-06-14","13.95B","Pet Supplies, E-commerce",21300
"CHWY","2019-07-12 00:00:00",33.959999,1,"CHWY","Chewy, Inc,","2019-06-14","13.95B","Pet Supplies, E-commerce",21300
"CHWY","2019-07-15 00:00:00",33.09,1,"CHWY","Chewy, Inc,","2019-06-14","13.95B","Pet Supplies, E-commerce",21300
"CHWY","2019-07-16 00:00:00",32.810001,1,"CHWY","Chewy, Inc,","2019-06-14","13.95B","Pet Supplies, E-commerce",21300
"CHWY","2019-07-17 00:00:00",31.66,1,"CHWY","Chewy, Inc,","2019-06-14","13.95B","Pet Supplies, E-commerce",21300
"CHWY","2019-07-18 00:00:00",32.849998,1,"CHWY","Chewy, Inc,","2019-06-14","13.95B","Pet Supplies, E-commerce",21300
"CHWY","2019-07-19 00:00:00",30.690001,1,"CHWY","Chewy, Inc,","2019-06-14","13.95B","Pet Supplies, E-commerce",21300
"CHWY","2019-07-22 00:00:00",30.209999,1,"CHWY","Chewy, Inc,","2019-06-14","13.95B","Pet Supplies, E-commerce",21300
"CHWY","2019-07-23 00:00:00",29.610001,1,"CHWY","Chewy, Inc,","2019-06-14","13.95B","Pet Supplies, E-commerce",21300
"CHWY","2019-07-24 00:00:00",32.700001,1,"CHWY","Chewy, Inc,","2019-06-14","13.95B","Pet Supplies, E-commerce",21300
"CHWY","2019-07-25 00:00:00",33.75,1,"CHWY","Chewy, Inc,","2019-06-14","13.95B","Pet Supplies, E-commerce",21300
"CHWY","2019-07-26 00:00:00",32.450001,1,"CHWY","Chewy, Inc,","2019-06-14","13.95B","Pet Supplies, E-commerce",21300
"CHWY","2019-07-29 00:00:00",34.16,1,"CHWY","Chewy, Inc,","2019-06-14","13.95B","Pet Supplies, E-commerce",21300
"CHWY","2019-07-30 00:00:00",34.43,1,"CHWY","Chewy, Inc,","2019-06-14","13.95B","Pet Supplies, E-commerce",21300
"CHWY","2019-07-31 00:00:00",33.560001,1,"CHWY","Chewy, Inc,","2019-06-14","13.95B","Pet Supplies, E-commerce",21300
"CHWY","2019-08-01 00:00:00",33.580002,1,"CHWY","Chewy, Inc,","2019-06-14","13.95B","Pet Supplies, E-commerce",21300
"CHWY","2019-08-02 00:00:00",32.57,1,"CHWY","Chewy, Inc,","2019-06-14","13.95B","Pet Supplies, E-commerce",21300
"CHWY","2019-08-05 00:00:00",32.209999,1,"CHWY","Chewy, Inc,","2019-06-14","13.95B","Pet Supplies, E-commerce",21300
"CHWY","2019-08-06 00:00:00",32.619999,1,"CHWY","Chewy, Inc,","2019-06-14","13.95B","Pet Supplies, E-commerce",21300
"CHWY","2019-08-07 00:00:00",32.330002,1,"CHWY","Chewy, Inc,","2019-06-14","13.95B","Pet Supplies, E-commerce",21300
"CHWY","2019-08-08 00:00:00",33.950001,1,"CHWY","Chewy, Inc,","2019-06-14","13.95B","Pet Supplies, E-commerce",21300
"CHWY","2019-08-09 00:00:00",33.75,1,"CHWY","Chewy, Inc,","2019-06-14","13.95B","Pet Supplies, E-commerce",21300
"CHWY","2019-08-12 00:00:00",33.720001,1,"CHWY","Chewy, Inc,","2019-06-14","13.95B","Pet Supplies, E-commerce",21300
"CHWY","2019-08-13 00:00:00",32.970001,1,"CHWY","Chewy, Inc,","2019-06-14","13.95B","Pet Supplies, E-commerce",21300
"CHWY","2019-08-14 00:00:00",31.84,1,"CHWY","Chewy, Inc,","2019-06-14","13.95B","Pet Supplies, E-commerce",21300
"CHWY","2019-08-15 00:00:00",30.860001,1,"CHWY","Chewy, Inc,","2019-06-14","13.95B","Pet Supplies, E-commerce",21300
"CHWY","2019-08-16 00:00:00",30.940001,1,"CHWY","Chewy, Inc,","2019-06-14","13.95B","Pet Supplies, E-commerce",21300
"CHWY","2019-08-19 00:00:00",31.57,1,"CHWY","Chewy, Inc,","2019-06-14","13.95B","Pet Supplies, E-commerce",21300
"CHWY","2019-08-20 00:00:00",32.119999,1,"CHWY","Chewy, Inc,","2019-06-14","13.95B","Pet Supplies, E-commerce",21300
"CHWY","2019-08-21 00:00:00",31.5,1,"CHWY","Chewy, Inc,","2019-06-14","13.95B","Pet Supplies, E-commerce",21300
"CHWY","2019-08-22 00:00:00",30.91,1,"CHWY","Chewy, Inc,","2019-06-14","13.95B","Pet Supplies, E-commerce",21300
"CHWY","2019-08-23 00:00:00",29.780001,1,"CHWY","Chewy, Inc,","2019-06-14","13.95B","Pet Supplies, E-commerce",21300
"CHWY","2019-08-26 00:00:00",31,1,"CHWY","Chewy, Inc,","2019-06-14","13.95B","Pet Supplies, E-commerce",21300
"CHWY","2019-08-27 00:00:00",30.77,1,"CHWY","Chewy, Inc,","2019-06-14","13.95B","Pet Supplies, E-commerce",21300
"CHWY","2019-08-28 00:00:00",30.4,1,"CHWY","Chewy, Inc,","2019-06-14","13.95B","Pet Supplies, E-commerce",21300
"CHWY","2019-08-29 00:00:00",31.700001,1,"CHWY","Chewy, Inc,","2019-06-14","13.95B","Pet Supplies, E-commerce",21300
"CHWY","2019-08-30 00:00:00",33,1,"CHWY","Chewy, Inc,","2019-06-14","13.95B","Pet Supplies, E-commerce",21300
"CHWY","2019-09-03 00:00:00",33.290001,1,"CHWY","Chewy, Inc,","2019-06-14","13.95B","Pet Supplies, E-commerce",21300
"CHWY","2019-09-04 00:00:00",34.32,1,"CHWY","Chewy, Inc,","2019-06-14","13.95B","Pet Supplies, E-commerce",21300
"CHWY","2019-09-05 00:00:00",34,1,"CHWY","Chewy, Inc,","2019-06-14","13.95B","Pet Supplies, E-commerce",21300
"CHWY","2019-09-06 00:00:00",32.790001,1,"CHWY","Chewy, Inc,","2019-06-14","13.95B","Pet Supplies, E-commerce",21300
"CHWY","2019-09-09 00:00:00",33.439999,1,"CHWY","Chewy, Inc,","2019-06-14","13.95B","Pet Supplies, E-commerce",21300
"CHWY","2019-09-10 00:00:00",30.440001,1,"CHWY","Chewy, Inc,","2019-06-14","13.95B","Pet Supplies, E-commerce",21300
"CHWY","2019-09-11 00:00:00",30.280001,1,"CHWY","Chewy, Inc,","2019-06-14","13.95B","Pet Supplies, E-commerce",21300
"CHWY","2019-09-12 00:00:00",29.51,1,"CHWY","Chewy, Inc,","2019-06-14","13.95B","Pet Supplies, E-commerce",21300
"CHWY","2019-09-13 00:00:00",29.48,1,"CHWY","Chewy, Inc,","2019-06-14","13.95B","Pet Supplies, E-commerce",21300
"CHWY","2019-09-16 00:00:00",30.43,1,"CHWY","Chewy, Inc,","2019-06-14","13.95B","Pet Supplies, E-commerce",21300
"CHWY","2019-09-17 00:00:00",30.25,1,"CHWY","Chewy, Inc,","2019-06-14","13.95B","Pet Supplies, E-commerce",21300
"CHWY","2019-09-18 00:00:00",28.389999,1,"CHWY","Chewy, Inc,","2019-06-14","13.95B","Pet Supplies, E-commerce",21300
"CHWY","2019-09-19 00:00:00",27.43,1,"CHWY","Chewy, Inc,","2019-06-14","13.95B","Pet Supplies, E-commerce",21300
"CHWY","2019-09-20 00:00:00",26.389999,1,"CHWY","Chewy, Inc,","2019-06-14","13.95B","Pet Supplies, E-commerce",21300
"CHWY","2019-09-23 00:00:00",27.5,1,"CHWY","Chewy, Inc,","2019-06-14","13.95B","Pet Supplies, E-commerce",21300
"CHWY","2019-09-24 00:00:00",26.030001,1,"CHWY","Chewy, Inc,","2019-06-14","13.95B","Pet Supplies, E-commerce",21300
"CHWY","2019-09-25 00:00:00",27.049999,1,"CHWY","Chewy, Inc,","2019-06-14","13.95B","Pet Supplies, E-commerce",21300
"CHWY","2019-09-26 00:00:00",26.280001,1,"CHWY","Chewy, Inc,","2019-06-14","13.95B","Pet Supplies, E-commerce",21300
"CHWY","2019-09-27 00:00:00",26.01,1,"CHWY","Chewy, Inc,","2019-06-14","13.95B","Pet Supplies, E-commerce",21300
"CHWY","2019-09-30 00:00:00",24.58,1,"CHWY","Chewy, Inc,","2019-06-14","13.95B","Pet Supplies, E-commerce",21300
"CHWY","2019-10-01 00:00:00",23.15,1,"CHWY","Chewy, Inc,","2019-06-14","13.95B","Pet Supplies, E-commerce",21300
"CHWY","2019-10-02 00:00:00",24.049999,1,"CHWY","Chewy, Inc,","2019-06-14","13.95B","Pet Supplies, E-commerce",21300
"CHWY","2019-10-03 00:00:00",24.42,1,"CHWY","Chewy, Inc,","2019-06-14","13.95B","Pet Supplies, E-commerce",21300
"CHWY","2019-10-04 00:00:00",25.860001,1,"CHWY","Chewy, Inc,","2019-06-14","13.95B","Pet Supplies, E-commerce",21300
"CHWY","2019-10-07 00:00:00",26.719999,1,"CHWY","Chewy, Inc,","2019-06-14","13.95B","Pet Supplies, E-commerce",21300
"CHWY","2019-10-08 00:00:00",26.209999,1,"CHWY","Chewy, Inc,","2019-06-14","13.95B","Pet Supplies, E-commerce",21300
"CHWY","2019-10-09 00:00:00",25.389999,1,"CHWY","Chewy, Inc,","2019-06-14","13.95B","Pet Supplies, E-commerce",21300
"CHWY","2019-10-10 00:00:00",25.389999,1,"CHWY","Chewy, Inc,","2019-06-14","13.95B","Pet Supplies, E-commerce",21300
"CHWY","2019-10-11 00:00:00",26.040001,1,"CHWY","Chewy, Inc,","2019-06-14","13.95B","Pet Supplies, E-commerce",21300
"CHWY","2019-10-14 00:00:00",25.780001,1,"CHWY","Chewy, Inc,","2019-06-14","13.95B","Pet Supplies, E-commerce",21300
"CHWY","2019-10-15 00:00:00",26.790001,1,"CHWY","Chewy, Inc,","2019-06-14","13.95B","Pet Supplies, E-commerce",21300
"CHWY","2019-10-16 00:00:00",26.49,1,"CHWY","Chewy, Inc,","2019-06-14","13.95B","Pet Supplies, E-commerce",21300
"CHWY","2019-10-17 00:00:00",26.74,1,"CHWY","Chewy, Inc,","2019-06-14","13.95B","Pet Supplies, E-commerce",21300
"CHWY","2019-10-18 00:00:00",27.049999,1,"CHWY","Chewy, Inc,","2019-06-14","13.95B","Pet Supplies, E-commerce",21300
"CHWY","2019-10-21 00:00:00",27.860001,1,"CHWY","Chewy, Inc,","2019-06-14","13.95B","Pet Supplies, E-commerce",21300
"CHWY","2019-10-22 00:00:00",28.059999,1,"CHWY","Chewy, Inc,","2019-06-14","13.95B","Pet Supplies, E-commerce",21300
"CHWY","2019-10-23 00:00:00",26.790001,1,"CHWY","Chewy, Inc,","2019-06-14","13.95B","Pet Supplies, E-commerce",21300
"CHWY","2019-10-24 00:00:00",26.73,1,"CHWY","Chewy, Inc,","2019-06-14","13.95B","Pet Supplies, E-commerce",21300
"CHWY","2019-10-25 00:00:00",27.790001,1,"CHWY","Chewy, Inc,","2019-06-14","13.95B","Pet Supplies, E-commerce",21300
"CHWY","2019-10-28 00:00:00",27.25,1,"CHWY","Chewy, Inc,","2019-06-14","13.95B","Pet Supplies, E-commerce",21300
"CHWY","2019-10-29 00:00:00",25.77,1,"CHWY","Chewy, Inc,","2019-06-14","13.95B","Pet Supplies, E-commerce",21300
"CHWY","2019-10-30 00:00:00",25.389999,1,"CHWY","Chewy, Inc,","2019-06-14","13.95B","Pet Supplies, E-commerce",21300
"CHWY","2019-10-31 00:00:00",24.67,1,"CHWY","Chewy, Inc,","2019-06-14","13.95B","Pet Supplies, E-commerce",21300
"CHWY","2019-11-01 00:00:00",23.91,1,"CHWY","Chewy, Inc,","2019-06-14","13.95B","Pet Supplies, E-commerce",21300
"CHWY","2019-11-04 00:00:00",23.75,1,"CHWY","Chewy, Inc,","2019-06-14","13.95B","Pet Supplies, E-commerce",21300
"CHWY","2019-11-05 00:00:00",24.530001,1,"CHWY","Chewy, Inc,","2019-06-14","13.95B","Pet Supplies, E-commerce",21300
"CHWY","2019-11-06 00:00:00",23.639999,1,"CHWY","Chewy, Inc,","2019-06-14","13.95B","Pet Supplies, E-commerce",21300
"CHWY","2019-11-07 00:00:00",22.969999,1,"CHWY","Chewy, Inc,","2019-06-14","13.95B","Pet Supplies, E-commerce",21300
"CHWY","2019-11-08 00:00:00",22.99,1,"CHWY","Chewy, Inc,","2019-06-14","13.95B","Pet Supplies, E-commerce",21300
"CHWY","2019-11-11 00:00:00",22.950001,1,"CHWY","Chewy, Inc,","2019-06-14","13.95B","Pet Supplies, E-commerce",21300
"CHWY","2019-11-12 00:00:00",23.030001,1,"CHWY","Chewy, Inc,","2019-06-14","13.95B","Pet Supplies, E-commerce",21300
"CHWY","2019-11-13 00:00:00",23.85,1,"CHWY","Chewy, Inc,","2019-06-14","13.95B","Pet Supplies, E-commerce",21300
"CHWY","2019-11-14 00:00:00",23.4,1,"CHWY","Chewy, Inc,","2019-06-14","13.95B","Pet Supplies, E-commerce",21300
"CHWY","2019-11-15 00:00:00",23.4,1,"CHWY","Chewy, Inc,","2019-06-14","13.95B","Pet Supplies, E-commerce",21300
"CHWY","2019-11-18 00:00:00",22.129999,1,"CHWY","Chewy, Inc,","2019-06-14","13.95B","Pet Supplies, E-commerce",21300
"CHWY","2019-11-19 00:00:00",23.120001,1,"CHWY","Chewy, Inc,","2019-06-14","13.95B","Pet Supplies, E-commerce",21300
"CHWY","2019-11-20 00:00:00",23.200001,1,"CHWY","Chewy, Inc,","2019-06-14","13.95B","Pet Supplies, E-commerce",21300
"CHWY","2019-11-21 00:00:00",22.68,1,"CHWY","Chewy, Inc,","2019-06-14","13.95B","Pet Supplies, E-commerce",21300
"CHWY","2019-11-22 00:00:00",22.889999,1,"CHWY","Chewy, Inc,","2019-06-14","13.95B","Pet Supplies, E-commerce",21300
"CHWY","2019-11-25 00:00:00",23.389999,1,"CHWY","Chewy, Inc,","2019-06-14","13.95B","Pet Supplies, E-commerce",21300
"CHWY","2019-11-26 00:00:00",23.9,1,"CHWY","Chewy, Inc,","2019-06-14","13.95B","Pet Supplies, E-commerce",21300
"CHWY","2019-11-27 00:00:00",24.379999,1,"CHWY","Chewy, Inc,","2019-06-14","13.95B","Pet Supplies, E-commerce",21300
"CHWY","2019-11-29 00:00:00",24.76,1,"CHWY","Chewy, Inc,","2019-06-14","13.95B","Pet Supplies, E-commerce",21300
"CHWY","2019-12-02 00:00:00",23.83,1,"CHWY","Chewy, Inc,","2019-06-14","13.95B","Pet Supplies, E-commerce",21300
"CHWY","2019-12-03 00:00:00",24.309999,1,"CHWY","Chewy, Inc,","2019-06-14","13.95B","Pet Supplies, E-commerce",21300
"CHWY","2019-12-04 00:00:00",22.889999,1,"CHWY","Chewy, Inc,","2019-06-14","13.95B","Pet Supplies, E-commerce",21300
"CHWY","2019-12-05 00:00:00",24.33,1,"CHWY","Chewy, Inc,","2019-06-14","13.95B","Pet Supplies, E-commerce",21300
"CHWY","2019-12-06 00:00:00",24.950001,1,"CHWY","Chewy, Inc,","2019-06-14","13.95B","Pet Supplies, E-commerce",21300
"CHWY","2019-12-09 00:00:00",24.18,1,"CHWY","Chewy, Inc,","2019-06-14","13.95B","Pet Supplies, E-commerce",21300
"CHWY","2019-12-10 00:00:00",25.5,1,"CHWY","Chewy, Inc,","2019-06-14","13.95B","Pet Supplies, E-commerce",21300
"CHWY","2019-12-11 00:00:00",26.879999,1,"CHWY","Chewy, Inc,","2019-06-14","13.95B","Pet Supplies, E-commerce",21300
"CHWY","2019-12-12 00:00:00",27.950001,1,"CHWY","Chewy, Inc,","2019-06-14","13.95B","Pet Supplies, E-commerce",21300
"CHWY","2019-12-13 00:00:00",28.26,1,"CHWY","Chewy, Inc,","2019-06-14","13.95B","Pet Supplies, E-commerce",21300
"CHWY","2019-12-16 00:00:00",28.030001,1,"CHWY","Chewy, Inc,","2019-06-14","13.95B","Pet Supplies, E-commerce",21300
"CHWY","2019-12-17 00:00:00",28.57,1,"CHWY","Chewy, Inc,","2019-06-14","13.95B","Pet Supplies, E-commerce",21300
"CHWY","2019-12-18 00:00:00",27.91,1,"CHWY","Chewy, Inc,","2019-06-14","13.95B","Pet Supplies, E-commerce",21300
"CHWY","2019-12-19 00:00:00",28.559999,1,"CHWY","Chewy, Inc,","2019-06-14","13.95B","Pet Supplies, E-commerce",21300
"CHWY","2019-12-20 00:00:00",29.08,1,"CHWY","Chewy, Inc,","2019-06-14","13.95B","Pet Supplies, E-commerce",21300
"CHWY","2019-12-23 00:00:00",28.440001,1,"CHWY","Chewy, Inc,","2019-06-14","13.95B","Pet Supplies, E-commerce",21300
"CHWY","2019-12-24 00:00:00",28.809999,1,"CHWY","Chewy, Inc,","2019-06-14","13.95B","Pet Supplies, E-commerce",21300
"CHWY","2019-12-26 00:00:00",29.42,1,"CHWY","Chewy, Inc,","2019-06-14","13.95B","Pet Supplies, E-commerce",21300
"CHWY","2019-12-27 00:00:00",28.629999,1,"CHWY","Chewy, Inc,","2019-06-14","13.95B","Pet Supplies, E-commerce",21300
"CHWY","2019-12-30 00:00:00",28.49,1,"CHWY","Chewy, Inc,","2019-06-14","13.95B","Pet Supplies, E-commerce",21300
"CHWY","2019-12-31 00:00:00",29,1,"CHWY","Chewy, Inc,","2019-06-14","13.95B","Pet Supplies, E-commerce",21300
"CHWY","2020-01-02 00:00:00",29.620001,1,"CHWY","Chewy, Inc,","2019-06-14","13.95B","Pet Supplies, E-commerce",21300
"CHWY","2020-01-03 00:00:00",29.34,1,"CHWY","Chewy, Inc,","2019-06-14","13.95B","Pet Supplies, E-commerce",21300
"CHWY","2020-01-06 00:00:00",29.370001,1,"CHWY","Chewy, Inc,","2019-06-14","13.95B","Pet Supplies, E-commerce",21300
"CHWY","2020-01-07 00:00:00",29.200001,1,"CHWY","Chewy, Inc,","2019-06-14","13.95B","Pet Supplies, E-commerce",21300
"CHWY","2020-01-08 00:00:00",28.620001,1,"CHWY","Chewy, Inc,","2019-06-14","13.95B","Pet Supplies, E-commerce",21300
"CHWY","2020-01-09 00:00:00",29.43,1,"CHWY","Chewy, Inc,","2019-06-14","13.95B","Pet Supplies, E-commerce",21300
"CHWY","2020-01-10 00:00:00",29.23,1,"CHWY","Chewy, Inc,","2019-06-14","13.95B","Pet Supplies, E-commerce",21300
"CHWY","2020-01-13 00:00:00",30.52,1,"CHWY","Chewy, Inc,","2019-06-14","13.95B","Pet Supplies, E-commerce",21300
"CHWY","2020-01-14 00:00:00",31.129999,1,"CHWY","Chewy, Inc,","2019-06-14","13.95B","Pet Supplies, E-commerce",21300
"CHWY","2020-01-15 00:00:00",30.5,1,"CHWY","Chewy, Inc,","2019-06-14","13.95B","Pet Supplies, E-commerce",21300
"CHWY","2020-01-16 00:00:00",29.27,1,"CHWY","Chewy, Inc,","2019-06-14","13.95B","Pet Supplies, E-commerce",21300
"CHWY","2020-01-17 00:00:00",29.370001,1,"CHWY","Chewy, Inc,","2019-06-14","13.95B","Pet Supplies, E-commerce",21300
"CHWY","2020-01-21 00:00:00",30.139999,1,"CHWY","Chewy, Inc,","2019-06-14","13.95B","Pet Supplies, E-commerce",21300
"CHWY","2020-01-22 00:00:00",29.02,1,"CHWY","Chewy, Inc,","2019-06-14","13.95B","Pet Supplies, E-commerce",21300
"CHWY","2020-01-23 00:00:00",28.030001,1,"CHWY","Chewy, Inc,","2019-06-14","13.95B","Pet Supplies, E-commerce",21300
"CHWY","2020-01-24 00:00:00",28.469999,1,"CHWY","Chewy, Inc,","2019-06-14","13.95B","Pet Supplies, E-commerce",21300
"CHWY","2020-01-27 00:00:00",28.98,1,"CHWY","Chewy, Inc,","2019-06-14","13.95B","Pet Supplies, E-commerce",21300
"CHWY","2020-01-28 00:00:00",29.26,1,"CHWY","Chewy, Inc,","2019-06-14","13.95B","Pet Supplies, E-commerce",21300
"CHWY","2020-01-29 00:00:00",28.25,1,"CHWY","Chewy, Inc,","2019-06-14","13.95B","Pet Supplies, E-commerce",21300
"CHWY","2020-01-30 00:00:00",28.620001,1,"CHWY","Chewy, Inc,","2019-06-14","13.95B","Pet Supplies, E-commerce",21300
"CHWY","2020-01-31 00:00:00",26.51,1,"CHWY","Chewy, Inc,","2019-06-14","13.95B","Pet Supplies, E-commerce",21300
"CHWY","2020-02-03 00:00:00",28.200001,1,"CHWY","Chewy, Inc,","2019-06-14","13.95B","Pet Supplies, E-commerce",21300
"CHWY","2020-02-04 00:00:00",27.34,1,"CHWY","Chewy, Inc,","2019-06-14","13.95B","Pet Supplies, E-commerce",21300
"CHWY","2020-02-05 00:00:00",26.9,1,"CHWY","Chewy, Inc,","2019-06-14","13.95B","Pet Supplies, E-commerce",21300
"CHWY","2020-02-06 00:00:00",27.709999,1,"CHWY","Chewy, Inc,","2019-06-14","13.95B","Pet Supplies, E-commerce",21300
"CHWY","2020-02-07 00:00:00",27.879999,1,"CHWY","Chewy, Inc,","2019-06-14","13.95B","Pet Supplies, E-commerce",21300
"CHWY","2020-02-10 00:00:00",28.049999,1,"CHWY","Chewy, Inc,","2019-06-14","13.95B","Pet Supplies, E-commerce",21300
"CHWY","2020-02-11 00:00:00",27.73,1,"CHWY","Chewy, Inc,","2019-06-14","13.95B","Pet Supplies, E-commerce",21300
"CHWY","2020-02-12 00:00:00",28.1,1,"CHWY","Chewy, Inc,","2019-06-14","13.95B","Pet Supplies, E-commerce",21300
"CHWY","2020-02-13 00:00:00",28.870001,1,"CHWY","Chewy, Inc,","2019-06-14","13.95B","Pet Supplies, E-commerce",21300
"CHWY","2020-02-14 00:00:00",28.700001,1,"CHWY","Chewy, Inc,","2019-06-14","13.95B","Pet Supplies, E-commerce",21300
"CHWY","2020-02-18 00:00:00",28.92,1,"CHWY","Chewy, Inc,","2019-06-14","13.95B","Pet Supplies, E-commerce",21300
"CHWY","2020-02-19 00:00:00",29.299999,1,"CHWY","Chewy, Inc,","2019-06-14","13.95B","Pet Supplies, E-commerce",21300
"CHWY","2020-02-20 00:00:00",29.24,1,"CHWY","Chewy, Inc,","2019-06-14","13.95B","Pet Supplies, E-commerce",21300
"CHWY","2020-02-21 00:00:00",30.4,1,"CHWY","Chewy, Inc,","2019-06-14","13.95B","Pet Supplies, E-commerce",21300
"CHWY","2020-02-24 00:00:00",30.84,1,"CHWY","Chewy, Inc,","2019-06-14","13.95B","Pet Supplies, E-commerce",21300
"CHWY","2020-02-25 00:00:00",29.49,1,"CHWY","Chewy, Inc,","2019-06-14","13.95B","Pet Supplies, E-commerce",21300
"CHWY","2020-02-26 00:00:00",30.74,1,"CHWY","Chewy, Inc,","2019-06-14","13.95B","Pet Supplies, E-commerce",21300
"CHWY","2020-02-27 00:00:00",30.07,1,"CHWY","Chewy, Inc,","2019-06-14","13.95B","Pet Supplies, E-commerce",21300
"CHWY","2020-02-28 00:00:00",29.6,1,"CHWY","Chewy, Inc,","2019-06-14","13.95B","Pet Supplies, E-commerce",21300
"CHWY","2020-03-02 00:00:00",28.93,1,"CHWY","Chewy, Inc,","2019-06-14","13.95B","Pet Supplies, E-commerce",21300
"CHWY","2020-03-03 00:00:00",27.75,1,"CHWY","Chewy, Inc,","2019-06-14","13.95B","Pet Supplies, E-commerce",21300
"CHWY","2020-03-04 00:00:00",27.93,1,"CHWY","Chewy, Inc,","2019-06-14","13.95B","Pet Supplies, E-commerce",21300
"CHWY","2020-03-05 00:00:00",28.52,1,"CHWY","Chewy, Inc,","2019-06-14","13.95B","Pet Supplies, E-commerce",21300
"CHWY","2020-03-06 00:00:00",28.02,1,"CHWY","Chewy, Inc,","2019-06-14","13.95B","Pet Supplies, E-commerce",21300
"CHWY","2020-03-09 00:00:00",27.290001,1,"CHWY","Chewy, Inc,","2019-06-14","13.95B","Pet Supplies, E-commerce",21300
"CHWY","2020-03-10 00:00:00",27.110001,1,"CHWY","Chewy, Inc,","2019-06-14","13.95B","Pet Supplies, E-commerce",21300
"CHWY","2020-03-11 00:00:00",25.459999,1,"CHWY","Chewy, Inc,","2019-06-14","13.95B","Pet Supplies, E-commerce",21300
"CHWY","2020-03-12 00:00:00",22.77,1,"CHWY","Chewy, Inc,","2019-06-14","13.95B","Pet Supplies, E-commerce",21300
"CHWY","2020-03-13 00:00:00",26.049999,1,"CHWY","Chewy, Inc,","2019-06-14","13.95B","Pet Supplies, E-commerce",21300
"CHWY","2020-03-16 00:00:00",24.27,1,"CHWY","Chewy, Inc,","2019-06-14","13.95B","Pet Supplies, E-commerce",21300
"CHWY","2020-03-17 00:00:00",27.91,1,"CHWY","Chewy, Inc,","2019-06-14","13.95B","Pet Supplies, E-commerce",21300
"CHWY","2020-03-18 00:00:00",30.85,1,"CHWY","Chewy, Inc,","2019-06-14","13.95B","Pet Supplies, E-commerce",21300
"CHWY","2020-03-19 00:00:00",32.419998,1,"CHWY","Chewy, Inc,","2019-06-14","13.95B","Pet Supplies, E-commerce",21300
"CHWY","2020-03-20 00:00:00",31.92,1,"CHWY","Chewy, Inc,","2019-06-14","13.95B","Pet Supplies, E-commerce",21300
"CHWY","2020-03-23 00:00:00",32.139999,1,"CHWY","Chewy, Inc,","2019-06-14","13.95B","Pet Supplies, E-commerce",21300
"CHWY","2020-03-24 00:00:00",33.650002,1,"CHWY","Chewy, Inc,","2019-06-14","13.95B","Pet Supplies, E-commerce",21300
"CHWY","2020-03-25 00:00:00",31.07,1,"CHWY","Chewy, Inc,","2019-06-14","13.95B","Pet Supplies, E-commerce",21300
"CHWY","2020-03-26 00:00:00",33.810001,1,"CHWY","Chewy, Inc,","2019-06-14","13.95B","Pet Supplies, E-commerce",21300
"CHWY","2020-03-27 00:00:00",36.16,1,"CHWY","Chewy, Inc,","2019-06-14","13.95B","Pet Supplies, E-commerce",21300
"CHWY","2020-03-30 00:00:00",38,1,"CHWY","Chewy, Inc,","2019-06-14","13.95B","Pet Supplies, E-commerce",21300
"CHWY","2020-03-31 00:00:00",37.490002,1,"CHWY","Chewy, Inc,","2019-06-14","13.95B","Pet Supplies, E-commerce",21300
"CHWY","2020-04-01 00:00:00",35.98,1,"CHWY","Chewy, Inc,","2019-06-14","13.95B","Pet Supplies, E-commerce",21300
"CHWY","2020-04-02 00:00:00",35.060001,1,"CHWY","Chewy, Inc,","2019-06-14","13.95B","Pet Supplies, E-commerce",21300
"CHWY","2020-04-03 00:00:00",33.369999,1,"CHWY","Chewy, Inc,","2019-06-14","13.95B","Pet Supplies, E-commerce",21300
"CHWY","2020-04-06 00:00:00",33.220001,1,"CHWY","Chewy, Inc,","2019-06-14","13.95B","Pet Supplies, E-commerce",21300
"CHWY","2020-04-07 00:00:00",33.310001,1,"CHWY","Chewy, Inc,","2019-06-14","13.95B","Pet Supplies, E-commerce",21300
"CHWY","2020-04-08 00:00:00",36.93,1,"CHWY","Chewy, Inc,","2019-06-14","13.95B","Pet Supplies, E-commerce",21300
"CHWY","2020-04-09 00:00:00",42.610001,1,"CHWY","Chewy, Inc,","2019-06-14","13.95B","Pet Supplies, E-commerce",21300
"CHWY","2020-04-13 00:00:00",40.240002,1,"CHWY","Chewy, Inc,","2019-06-14","13.95B","Pet Supplies, E-commerce",21300
"CHWY","2020-04-14 00:00:00",41.32,1,"CHWY","Chewy, Inc,","2019-06-14","13.95B","Pet Supplies, E-commerce",21300
"CHWY","2020-04-15 00:00:00",43.91,1,"CHWY","Chewy, Inc,","2019-06-14","13.95B","Pet Supplies, E-commerce",21300
"CHWY","2020-04-16 00:00:00",44.91,1,"CHWY","Chewy, Inc,","2019-06-14","13.95B","Pet Supplies, E-commerce",21300
"CHWY","2020-04-17 00:00:00",43.779999,1,"CHWY","Chewy, Inc,","2019-06-14","13.95B","Pet Supplies, E-commerce",21300
"CHWY","2020-04-20 00:00:00",44.720001,1,"CHWY","Chewy, Inc,","2019-06-14","13.95B","Pet Supplies, E-commerce",21300
"CHWY","2020-04-21 00:00:00",43.439999,1,"CHWY","Chewy, Inc,","2019-06-14","13.95B","Pet Supplies, E-commerce",21300
"CHWY","2020-04-22 00:00:00",44.82,1,"CHWY","Chewy, Inc,","2019-06-14","13.95B","Pet Supplies, E-commerce",21300
"CHWY","2020-04-23 00:00:00",43.349998,1,"CHWY","Chewy, Inc,","2019-06-14","13.95B","Pet Supplies, E-commerce",21300
"CHWY","2020-04-24 00:00:00",44.040001,1,"CHWY","Chewy, Inc,","2019-06-14","13.95B","Pet Supplies, E-commerce",21300
"CHWY","2020-04-27 00:00:00",46.18,1,"CHWY","Chewy, Inc,","2019-06-14","13.95B","Pet Supplies, E-commerce",21300
"CHWY","2020-04-28 00:00:00",44.16,1,"CHWY","Chewy, Inc,","2019-06-14","13.95B","Pet Supplies, E-commerce",21300
"CHWY","2020-04-29 00:00:00",45,1,"CHWY","Chewy, Inc,","2019-06-14","13.95B","Pet Supplies, E-commerce",21300
"CHWY","2020-04-30 00:00:00",43.240002,1,"CHWY","Chewy, Inc,","2019-06-14","13.95B","Pet Supplies, E-commerce",21300
"CHWY","2020-05-01 00:00:00",42.900002,1,"CHWY","Chewy, Inc,","2019-06-14","13.95B","Pet Supplies, E-commerce",21300
"CHWY","2020-05-04 00:00:00",39.240002,1,"CHWY","Chewy, Inc,","2019-06-14","13.95B","Pet Supplies, E-commerce",21300
"CHWY","2020-05-05 00:00:00",42.09,1,"CHWY","Chewy, Inc,","2019-06-14","13.95B","Pet Supplies, E-commerce",21300
"CHWY","2020-05-06 00:00:00",40.369999,1,"CHWY","Chewy, Inc,","2019-06-14","13.95B","Pet Supplies, E-commerce",21300
"CHWY","2020-05-07 00:00:00",39.400002,1,"CHWY","Chewy, Inc,","2019-06-14","13.95B","Pet Supplies, E-commerce",21300
"CHWY","2020-05-08 00:00:00",39.41,1,"CHWY","Chewy, Inc,","2019-06-14","13.95B","Pet Supplies, E-commerce",21300
"CHWY","2020-05-11 00:00:00",39.049999,1,"CHWY","Chewy, Inc,","2019-06-14","13.95B","Pet Supplies, E-commerce",21300
"CHWY","2020-05-12 00:00:00",40.360001,1,"CHWY","Chewy, Inc,","2019-06-14","13.95B","Pet Supplies, E-commerce",21300
"CHWY","2020-05-13 00:00:00",41.77,1,"CHWY","Chewy, Inc,","2019-06-14","13.95B","Pet Supplies, E-commerce",21300
"CHWY","2020-05-14 00:00:00",41.290001,1,"CHWY","Chewy, Inc,","2019-06-14","13.95B","Pet Supplies, E-commerce",21300
"CHWY","2020-05-15 00:00:00",42.110001,1,"CHWY","Chewy, Inc,","2019-06-14","13.95B","Pet Supplies, E-commerce",21300
"CHWY","2020-05-18 00:00:00",41.080002,1,"CHWY","Chewy, Inc,","2019-06-14","13.95B","Pet Supplies, E-commerce",21300
"CHWY","2020-05-19 00:00:00",40.049999,1,"CHWY","Chewy, Inc,","2019-06-14","13.95B","Pet Supplies, E-commerce",21300
"CHWY","2020-05-20 00:00:00",39.450001,1,"CHWY","Chewy, Inc,","2019-06-14","13.95B","Pet Supplies, E-commerce",21300
"CHWY","2020-05-21 00:00:00",40.189999,1,"CHWY","Chewy, Inc,","2019-06-14","13.95B","Pet Supplies, E-commerce",21300
"CHWY","2020-05-22 00:00:00",42.75,1,"CHWY","Chewy, Inc,","2019-06-14","13.95B","Pet Supplies, E-commerce",21300
"CHWY","2020-05-26 00:00:00",41.709999,1,"CHWY","Chewy, Inc,","2019-06-14","13.95B","Pet Supplies, E-commerce",21300
"CHWY","2020-05-27 00:00:00",40.130001,1,"CHWY","Chewy, Inc,","2019-06-14","13.95B","Pet Supplies, E-commerce",21300
"CHWY","2020-05-28 00:00:00",41.790001,1,"CHWY","Chewy, Inc,","2019-06-14","13.95B","Pet Supplies, E-commerce",21300
"CHWY","2020-05-29 00:00:00",44.439999,1,"CHWY","Chewy, Inc,","2019-06-14","13.95B","Pet Supplies, E-commerce",21300
"CHWY","2020-06-01 00:00:00",45.09,1,"CHWY","Chewy, Inc,","2019-06-14","13.95B","Pet Supplies, E-commerce",21300
"CHWY","2020-06-02 00:00:00",49.419998,1,"CHWY","Chewy, Inc,","2019-06-14","13.95B","Pet Supplies, E-commerce",21300
"CHWY","2020-06-03 00:00:00",48.220001,1,"CHWY","Chewy, Inc,","2019-06-14","13.95B","Pet Supplies, E-commerce",21300
"CHWY","2020-06-04 00:00:00",49.110001,1,"CHWY","Chewy, Inc,","2019-06-14","13.95B","Pet Supplies, E-commerce",21300
"CHWY","2020-06-05 00:00:00",48.439999,1,"CHWY","Chewy, Inc,","2019-06-14","13.95B","Pet Supplies, E-commerce",21300
"CHWY","2020-06-08 00:00:00",48.77,1,"CHWY","Chewy, Inc,","2019-06-14","13.95B","Pet Supplies, E-commerce",21300
"CHWY","2020-06-09 00:00:00",51.509998,1,"CHWY","Chewy, Inc,","2019-06-14","13.95B","Pet Supplies, E-commerce",21300
"CHWY","2020-06-10 00:00:00",49.630001,1,"CHWY","Chewy, Inc,","2019-06-14","13.95B","Pet Supplies, E-commerce",21300
"CHWY","2020-06-11 00:00:00",49.18,1,"CHWY","Chewy, Inc,","2019-06-14","13.95B","Pet Supplies, E-commerce",21300
"CHWY","2020-06-12 00:00:00",48.130001,1,"CHWY","Chewy, Inc,","2019-06-14","13.95B","Pet Supplies, E-commerce",21300
"CHWY","2020-06-15 00:00:00",46.759998,1,"CHWY","Chewy, Inc,","2019-06-14","13.95B","Pet Supplies, E-commerce",21300
"CHWY","2020-06-16 00:00:00",47.09,1,"CHWY","Chewy, Inc,","2019-06-14","13.95B","Pet Supplies, E-commerce",21300
"CHWY","2020-06-17 00:00:00",49.560001,1,"CHWY","Chewy, Inc,","2019-06-14","13.95B","Pet Supplies, E-commerce",21300
"CHWY","2020-06-18 00:00:00",48.200001,1,"CHWY","Chewy, Inc,","2019-06-14","13.95B","Pet Supplies, E-commerce",21300
"CHWY","2020-06-19 00:00:00",50.299999,1,"CHWY","Chewy, Inc,","2019-06-14","13.95B","Pet Supplies, E-commerce",21300
"CHWY","2020-06-22 00:00:00",50.91,1,"CHWY","Chewy, Inc,","2019-06-14","13.95B","Pet Supplies, E-commerce",21300
"CHWY","2020-06-23 00:00:00",48.91,1,"CHWY","Chewy, Inc,","2019-06-14","13.95B","Pet Supplies, E-commerce",21300
"CHWY","2020-06-24 00:00:00",49.740002,1,"CHWY","Chewy, Inc,","2019-06-14","13.95B","Pet Supplies, E-commerce",21300
"CHWY","2020-06-25 00:00:00",49.439999,1,"CHWY","Chewy, Inc,","2019-06-14","13.95B","Pet Supplies, E-commerce",21300
"CHWY","2020-06-26 00:00:00",46.939999,1,"CHWY","Chewy, Inc,","2019-06-14","13.95B","Pet Supplies, E-commerce",21300
"CHWY","2020-06-29 00:00:00",45.150002,1,"CHWY","Chewy, Inc,","2019-06-14","13.95B","Pet Supplies, E-commerce",21300
"CHWY","2020-06-30 00:00:00",44.689999,1,"CHWY","Chewy, Inc,","2019-06-14","13.95B","Pet Supplies, E-commerce",21300
"CHWY","2020-07-01 00:00:00",46.459999,1,"CHWY","Chewy, Inc,","2019-06-14","13.95B","Pet Supplies, E-commerce",21300
"CHWY","2020-07-02 00:00:00",47.080002,1,"CHWY","Chewy, Inc,","2019-06-14","13.95B","Pet Supplies, E-commerce",21300
"CHWY","2020-07-06 00:00:00",46.970001,1,"CHWY","Chewy, Inc,","2019-06-14","13.95B","Pet Supplies, E-commerce",21300
"CHWY","2020-07-07 00:00:00",47.799999,1,"CHWY","Chewy, Inc,","2019-06-14","13.95B","Pet Supplies, E-commerce",21300
"CHWY","2020-07-08 00:00:00",49.990002,1,"CHWY","Chewy, Inc,","2019-06-14","13.95B","Pet Supplies, E-commerce",21300
"CHWY","2020-07-09 00:00:00",51.919998,1,"CHWY","Chewy, Inc,","2019-06-14","13.95B","Pet Supplies, E-commerce",21300
"CHWY","2020-07-10 00:00:00",48.549999,1,"CHWY","Chewy, Inc,","2019-06-14","13.95B","Pet Supplies, E-commerce",21300
"CHWY","2020-07-13 00:00:00",49.049999,1,"CHWY","Chewy, Inc,","2019-06-14","13.95B","Pet Supplies, E-commerce",21300
"CHWY","2020-07-14 00:00:00",48,1,"CHWY","Chewy, Inc,","2019-06-14","13.95B","Pet Supplies, E-commerce",21300
"CHWY","2020-07-15 00:00:00",47.119999,1,"CHWY","Chewy, Inc,","2019-06-14","13.95B","Pet Supplies, E-commerce",21300
"CHWY","2020-07-16 00:00:00",48.220001,1,"CHWY","Chewy, Inc,","2019-06-14","13.95B","Pet Supplies, E-commerce",21300
"CHWY","2020-07-17 00:00:00",46.799999,1,"CHWY","Chewy, Inc,","2019-06-14","13.95B","Pet Supplies, E-commerce",21300
"CHWY","2020-07-20 00:00:00",49.43,1,"CHWY","Chewy, Inc,","2019-06-14","13.95B","Pet Supplies, E-commerce",21300
"CHWY","2020-07-21 00:00:00",48.810001,1,"CHWY","Chewy, Inc,","2019-06-14","13.95B","Pet Supplies, E-commerce",21300
"CHWY","2020-07-22 00:00:00",48.709999,1,"CHWY","Chewy, Inc,","2019-06-14","13.95B","Pet Supplies, E-commerce",21300
"CHWY","2020-07-23 00:00:00",47.52,1,"CHWY","Chewy, Inc,","2019-06-14","13.95B","Pet Supplies, E-commerce",21300
"CHWY","2020-07-24 00:00:00",45.959999,1,"CHWY","Chewy, Inc,","2019-06-14","13.95B","Pet Supplies, E-commerce",21300
"CHWY","2020-07-27 00:00:00",46.73,1,"CHWY","Chewy, Inc,","2019-06-14","13.95B","Pet Supplies, E-commerce",21300
"CHWY","2020-07-28 00:00:00",46.32,1,"CHWY","Chewy, Inc,","2019-06-14","13.95B","Pet Supplies, E-commerce",21300
"CHWY","2020-07-29 00:00:00",47.59,1,"CHWY","Chewy, Inc,","2019-06-14","13.95B","Pet Supplies, E-commerce",21300
"CHWY","2020-07-30 00:00:00",49.02,1,"CHWY","Chewy, Inc,","2019-06-14","13.95B","Pet Supplies, E-commerce",21300
"CHWY","2020-07-31 00:00:00",52.490002,1,"CHWY","Chewy, Inc,","2019-06-14","13.95B","Pet Supplies, E-commerce",21300
"CHWY","2020-08-03 00:00:00",56.84,1,"CHWY","Chewy, Inc,","2019-06-14","13.95B","Pet Supplies, E-commerce",21300
"CHWY","2020-08-04 00:00:00",58.139999,1,"CHWY","Chewy, Inc,","2019-06-14","13.95B","Pet Supplies, E-commerce",21300
"CHWY","2020-08-05 00:00:00",58.82,1,"CHWY","Chewy, Inc,","2019-06-14","13.95B","Pet Supplies, E-commerce",21300
"CHWY","2020-08-06 00:00:00",56.740002,1,"CHWY","Chewy, Inc,","2019-06-14","13.95B","Pet Supplies, E-commerce",21300
"CHWY","2020-08-07 00:00:00",54.91,1,"CHWY","Chewy, Inc,","2019-06-14","13.95B","Pet Supplies, E-commerce",21300
"CHWY","2020-08-10 00:00:00",53.400002,1,"CHWY","Chewy, Inc,","2019-06-14","13.95B","Pet Supplies, E-commerce",21300
"CHWY","2020-08-11 00:00:00",50.610001,1,"CHWY","Chewy, Inc,","2019-06-14","13.95B","Pet Supplies, E-commerce",21300
"CHWY","2020-08-12 00:00:00",53.150002,1,"CHWY","Chewy, Inc,","2019-06-14","13.95B","Pet Supplies, E-commerce",21300
"CHWY","2020-08-13 00:00:00",54.619999,1,"CHWY","Chewy, Inc,","2019-06-14","13.95B","Pet Supplies, E-commerce",21300
"CHWY","2020-08-14 00:00:00",53.790001,1,"CHWY","Chewy, Inc,","2019-06-14","13.95B","Pet Supplies, E-commerce",21300
"CHWY","2020-08-17 00:00:00",55.630001,1,"CHWY","Chewy, Inc,","2019-06-14","13.95B","Pet Supplies, E-commerce",21300
"CHWY","2020-08-18 00:00:00",57.119999,1,"CHWY","Chewy, Inc,","2019-06-14","13.95B","Pet Supplies, E-commerce",21300
"CHWY","2020-08-19 00:00:00",56.220001,1,"CHWY","Chewy, Inc,","2019-06-14","13.95B","Pet Supplies, E-commerce",21300
"CHWY","2020-08-20 00:00:00",57.209999,1,"CHWY","Chewy, Inc,","2019-06-14","13.95B","Pet Supplies, E-commerce",21300
"CHWY","2020-08-21 00:00:00",56.970001,1,"CHWY","Chewy, Inc,","2019-06-14","13.95B","Pet Supplies, E-commerce",21300
"CHWY","2020-08-24 00:00:00",57.060001,1,"CHWY","Chewy, Inc,","2019-06-14","13.95B","Pet Supplies, E-commerce",21300
"CHWY","2020-08-25 00:00:00",56.66,1,"CHWY","Chewy, Inc,","2019-06-14","13.95B","Pet Supplies, E-commerce",21300
"CHWY","2020-08-26 00:00:00",58.279999,1,"CHWY","Chewy, Inc,","2019-06-14","13.95B","Pet Supplies, E-commerce",21300
"CHWY","2020-08-27 00:00:00",56.880001,1,"CHWY","Chewy, Inc,","2019-06-14","13.95B","Pet Supplies, E-commerce",21300
"CHWY","2020-08-28 00:00:00",59.73,1,"CHWY","Chewy, Inc,","2019-06-14","13.95B","Pet Supplies, E-commerce",21300
"CHWY","2020-08-31 00:00:00",61.07,1,"CHWY","Chewy, Inc,","2019-06-14","13.95B","Pet Supplies, E-commerce",21300
"CHWY","2020-09-01 00:00:00",69.43,1,"CHWY","Chewy, Inc,","2019-06-14","13.95B","Pet Supplies, E-commerce",21300
"CHWY","2020-09-02 00:00:00",70.099998,1,"CHWY","Chewy, Inc,","2019-06-14","13.95B","Pet Supplies, E-commerce",21300
"CHWY","2020-09-03 00:00:00",61.939999,1,"CHWY","Chewy, Inc,","2019-06-14","13.95B","Pet Supplies, E-commerce",21300
"CHWY","2020-09-04 00:00:00",61.18,1,"CHWY","Chewy, Inc,","2019-06-14","13.95B","Pet Supplies, E-commerce",21300
"CHWY","2020-09-08 00:00:00",60.799999,1,"CHWY","Chewy, Inc,","2019-06-14","13.95B","Pet Supplies, E-commerce",21300
"CHWY","2020-09-09 00:00:00",61.5,1,"CHWY","Chewy, Inc,","2019-06-14","13.95B","Pet Supplies, E-commerce",21300
"CHWY","2020-09-10 00:00:00",59.689999,1,"CHWY","Chewy, Inc,","2019-06-14","13.95B","Pet Supplies, E-commerce",21300
"CHWY","2020-09-11 00:00:00",53.810001,1,"CHWY","Chewy, Inc,","2019-06-14","13.95B","Pet Supplies, E-commerce",21300
"CHWY","2020-09-14 00:00:00",53,1,"CHWY","Chewy, Inc,","2019-06-14","13.95B","Pet Supplies, E-commerce",21300
"CHWY","2020-09-15 00:00:00",54.110001,1,"CHWY","Chewy, Inc,","2019-06-14","13.95B","Pet Supplies, E-commerce",21300
"CHWY","2020-09-16 00:00:00",56.16,1,"CHWY","Chewy, Inc,","2019-06-14","13.95B","Pet Supplies, E-commerce",21300
"CHWY","2020-09-17 00:00:00",54.419998,1,"CHWY","Chewy, Inc,","2019-06-14","13.95B","Pet Supplies, E-commerce",21300
"CHWY","2020-09-18 00:00:00",53,1,"CHWY","Chewy, Inc,","2019-06-14","13.95B","Pet Supplies, E-commerce",21300
"CHWY","2020-09-21 00:00:00",53.220001,1,"CHWY","Chewy, Inc,","2019-06-14","13.95B","Pet Supplies, E-commerce",21300
"CHWY","2020-09-22 00:00:00",54.48,1,"CHWY","Chewy, Inc,","2019-06-14","13.95B","Pet Supplies, E-commerce",21300
"CHWY","2020-09-23 00:00:00",54.990002,1,"CHWY","Chewy, Inc,","2019-06-14","13.95B","Pet Supplies, E-commerce",21300
"CHWY","2020-09-24 00:00:00",54.959999,1,"CHWY","Chewy, Inc,","2019-06-14","13.95B","Pet Supplies, E-commerce",21300
"CHWY","2020-09-25 00:00:00",56,1,"CHWY","Chewy, Inc,","2019-06-14","13.95B","Pet Supplies, E-commerce",21300
"CHWY","2020-09-28 00:00:00",56.369999,1,"CHWY","Chewy, Inc,","2019-06-14","13.95B","Pet Supplies, E-commerce",21300
"CHWY","2020-09-29 00:00:00",54.970001,1,"CHWY","Chewy, Inc,","2019-06-14","13.95B","Pet Supplies, E-commerce",21300
"CHWY","2020-09-30 00:00:00",54.830002,1,"CHWY","Chewy, Inc,","2019-06-14","13.95B","Pet Supplies, E-commerce",21300
"CHWY","2020-10-01 00:00:00",58.93,1,"CHWY","Chewy, Inc,","2019-06-14","13.95B","Pet Supplies, E-commerce",21300
"CHWY","2020-10-02 00:00:00",56.549999,1,"CHWY","Chewy, Inc,","2019-06-14","13.95B","Pet Supplies, E-commerce",21300
"CHWY","2020-10-05 00:00:00",57.52,1,"CHWY","Chewy, Inc,","2019-06-14","13.95B","Pet Supplies, E-commerce",21300
"CHWY","2020-10-06 00:00:00",56.16,1,"CHWY","Chewy, Inc,","2019-06-14","13.95B","Pet Supplies, E-commerce",21300
"CHWY","2020-10-07 00:00:00",57.040001,1,"CHWY","Chewy, Inc,","2019-06-14","13.95B","Pet Supplies, E-commerce",21300
"CHWY","2020-10-08 00:00:00",58.669998,1,"CHWY","Chewy, Inc,","2019-06-14","13.95B","Pet Supplies, E-commerce",21300
"CHWY","2020-10-09 00:00:00",61.580002,1,"CHWY","Chewy, Inc,","2019-06-14","13.95B","Pet Supplies, E-commerce",21300
"CHWY","2020-10-12 00:00:00",64.449997,1,"CHWY","Chewy, Inc,","2019-06-14","13.95B","Pet Supplies, E-commerce",21300
"CHWY","2020-10-13 00:00:00",66.860001,1,"CHWY","Chewy, Inc,","2019-06-14","13.95B","Pet Supplies, E-commerce",21300
"CHWY","2020-10-14 00:00:00",64.120003,1,"CHWY","Chewy, Inc,","2019-06-14","13.95B","Pet Supplies, E-commerce",21300
"CHWY","2020-10-15 00:00:00",64.879997,1,"CHWY","Chewy, Inc,","2019-06-14","13.95B","Pet Supplies, E-commerce",21300
"CHWY","2020-10-16 00:00:00",67.239998,1,"CHWY","Chewy, Inc,","2019-06-14","13.95B","Pet Supplies, E-commerce",21300
"CHWY","2020-10-19 00:00:00",68.889999,1,"CHWY","Chewy, Inc,","2019-06-14","13.95B","Pet Supplies, E-commerce",21300
"CHWY","2020-10-20 00:00:00",68.110001,1,"CHWY","Chewy, Inc,","2019-06-14","13.95B","Pet Supplies, E-commerce",21300
"CHWY","2020-10-21 00:00:00",64.669998,1,"CHWY","Chewy, Inc,","2019-06-14","13.95B","Pet Supplies, E-commerce",21300
"CHWY","2020-10-22 00:00:00",63.619999,1,"CHWY","Chewy, Inc,","2019-06-14","13.95B","Pet Supplies, E-commerce",21300
"CHWY","2020-10-23 00:00:00",63.630001,1,"CHWY","Chewy, Inc,","2019-06-14","13.95B","Pet Supplies, E-commerce",21300
"CHWY","2020-10-26 00:00:00",63.490002,1,"CHWY","Chewy, Inc,","2019-06-14","13.95B","Pet Supplies, E-commerce",21300
"CHWY","2020-10-27 00:00:00",67.720001,1,"CHWY","Chewy, Inc,","2019-06-14","13.95B","Pet Supplies, E-commerce",21300
"CHWY","2020-10-28 00:00:00",72.010002,1,"CHWY","Chewy, Inc,","2019-06-14","13.95B","Pet Supplies, E-commerce",21300
"CHWY","2020-10-29 00:00:00",67.669998,1,"CHWY","Chewy, Inc,","2019-06-14","13.95B","Pet Supplies, E-commerce",21300
"CHWY","2020-10-30 00:00:00",61.599998,1,"CHWY","Chewy, Inc,","2019-06-14","13.95B","Pet Supplies, E-commerce",21300
"CHWY","2020-11-02 00:00:00",60.790001,1,"CHWY","Chewy, Inc,","2019-06-14","13.95B","Pet Supplies, E-commerce",21300
"CHWY","2020-11-03 00:00:00",64.239998,1,"CHWY","Chewy, Inc,","2019-06-14","13.95B","Pet Supplies, E-commerce",21300
"CHWY","2020-11-04 00:00:00",67.040001,1,"CHWY","Chewy, Inc,","2019-06-14","13.95B","Pet Supplies, E-commerce",21300
"CHWY","2020-11-05 00:00:00",67.589996,1,"CHWY","Chewy, Inc,","2019-06-14","13.95B","Pet Supplies, E-commerce",21300
"CHWY","2020-11-06 00:00:00",70.32,1,"CHWY","Chewy, Inc,","2019-06-14","13.95B","Pet Supplies, E-commerce",21300
"CHWY","2020-11-09 00:00:00",62.09,1,"CHWY","Chewy, Inc,","2019-06-14","13.95B","Pet Supplies, E-commerce",21300
"CHWY","2020-11-10 00:00:00",59.919998,1,"CHWY","Chewy, Inc,","2019-06-14","13.95B","Pet Supplies, E-commerce",21300
"CHWY","2020-11-11 00:00:00",63.959999,1,"CHWY","Chewy, Inc,","2019-06-14","13.95B","Pet Supplies, E-commerce",21300
"CHWY","2020-11-12 00:00:00",63.380001,1,"CHWY","Chewy, Inc,","2019-06-14","13.95B","Pet Supplies, E-commerce",21300
"CHWY","2020-11-13 00:00:00",62.990002,1,"CHWY","Chewy, Inc,","2019-06-14","13.95B","Pet Supplies, E-commerce",21300
"CHWY","2020-11-16 00:00:00",64.330002,1,"CHWY","Chewy, Inc,","2019-06-14","13.95B","Pet Supplies, E-commerce",21300
"CHWY","2020-11-17 00:00:00",64.379997,1,"CHWY","Chewy, Inc,","2019-06-14","13.95B","Pet Supplies, E-commerce",21300
"CHWY","2020-11-18 00:00:00",66.400002,1,"CHWY","Chewy, Inc,","2019-06-14","13.95B","Pet Supplies, E-commerce",21300
"CHWY","2020-11-19 00:00:00",66.720001,1,"CHWY","Chewy, Inc,","2019-06-14","13.95B","Pet Supplies, E-commerce",21300
"CHWY","2020-11-20 00:00:00",68.709999,1,"CHWY","Chewy, Inc,","2019-06-14","13.95B","Pet Supplies, E-commerce",21300
"CHWY","2020-11-23 00:00:00",69.269997,1,"CHWY","Chewy, Inc,","2019-06-14","13.95B","Pet Supplies, E-commerce",21300
"CHWY","2020-11-24 00:00:00",67.25,1,"CHWY","Chewy, Inc,","2019-06-14","13.95B","Pet Supplies, E-commerce",21300
"CHWY","2020-11-25 00:00:00",69.339996,1,"CHWY","Chewy, Inc,","2019-06-14","13.95B","Pet Supplies, E-commerce",21300
"CHWY","2020-11-27 00:00:00",74.25,1,"CHWY","Chewy, Inc,","2019-06-14","13.95B","Pet Supplies, E-commerce",21300
"CHWY","2020-11-30 00:00:00",77.580002,1,"CHWY","Chewy, Inc,","2019-06-14","13.95B","Pet Supplies, E-commerce",21300
"CHWY","2020-12-01 00:00:00",75.339996,1,"CHWY","Chewy, Inc,","2019-06-14","13.95B","Pet Supplies, E-commerce",21300
"CHWY","2020-12-02 00:00:00",71.230003,1,"CHWY","Chewy, Inc,","2019-06-14","13.95B","Pet Supplies, E-commerce",21300
"CHWY","2020-12-03 00:00:00",72.68,1,"CHWY","Chewy, Inc,","2019-06-14","13.95B","Pet Supplies, E-commerce",21300
"CHWY","2020-12-04 00:00:00",74.940002,1,"CHWY","Chewy, Inc,","2019-06-14","13.95B","Pet Supplies, E-commerce",21300
"CHWY","2020-12-07 00:00:00",74.779999,1,"CHWY","Chewy, Inc,","2019-06-14","13.95B","Pet Supplies, E-commerce",21300
"CHWY","2020-12-08 00:00:00",79.150002,1,"CHWY","Chewy, Inc,","2019-06-14","13.95B","Pet Supplies, E-commerce",21300
"CHWY","2020-12-09 00:00:00",75.57,1,"CHWY","Chewy, Inc,","2019-06-14","13.95B","Pet Supplies, E-commerce",21300
"CHWY","2020-12-10 00:00:00",78.07,1,"CHWY","Chewy, Inc,","2019-06-14","13.95B","Pet Supplies, E-commerce",21300
"CHWY","2020-12-11 00:00:00",85.110001,1,"CHWY","Chewy, Inc,","2019-06-14","13.95B","Pet Supplies, E-commerce",21300
"CHWY","2020-12-14 00:00:00",82.809998,1,"CHWY","Chewy, Inc,","2019-06-14","13.95B","Pet Supplies, E-commerce",21300
"CHWY","2020-12-15 00:00:00",91.129997,1,"CHWY","Chewy, Inc,","2019-06-14","13.95B","Pet Supplies, E-commerce",21300
"CHWY","2020-12-16 00:00:00",94.120003,1,"CHWY","Chewy, Inc,","2019-06-14","13.95B","Pet Supplies, E-commerce",21300
"CHWY","2020-12-17 00:00:00",100.18,1,"CHWY","Chewy, Inc,","2019-06-14","13.95B","Pet Supplies, E-commerce",21300
"CHWY","2020-12-18 00:00:00",100.129997,1,"CHWY","Chewy, Inc,","2019-06-14","13.95B","Pet Supplies, E-commerce",21300
"CHWY","2020-12-21 00:00:00",107.489998,1,"CHWY","Chewy, Inc,","2019-06-14","13.95B","Pet Supplies, E-commerce",21300
"CHWY","2020-12-22 00:00:00",106.690002,1,"CHWY","Chewy, Inc,","2019-06-14","13.95B","Pet Supplies, E-commerce",21300
"CHWY","2020-12-23 00:00:00",102.080002,1,"CHWY","Chewy, Inc,","2019-06-14","13.95B","Pet Supplies, E-commerce",21300
"CHWY","2020-12-24 00:00:00",104.010002,1,"CHWY","Chewy, Inc,","2019-06-14","13.95B","Pet Supplies, E-commerce",21300
"CHWY","2020-12-28 00:00:00",92.610001,1,"CHWY","Chewy, Inc,","2019-06-14","13.95B","Pet Supplies, E-commerce",21300
"CHWY","2020-12-29 00:00:00",90.919998,1,"CHWY","Chewy, Inc,","2019-06-14","13.95B","Pet Supplies, E-commerce",21300
"CHWY","2020-12-30 00:00:00",92.339996,1,"CHWY","Chewy, Inc,","2019-06-14","13.95B","Pet Supplies, E-commerce",21300
"CHWY","2020-12-31 00:00:00",89.889999,1,"CHWY","Chewy, Inc,","2019-06-14","13.95B","Pet Supplies, E-commerce",21300
"CHWY","2021-01-04 00:00:00",88.900002,1,"CHWY","Chewy, Inc,","2019-06-14","13.95B","Pet Supplies, E-commerce",21300
"CHWY","2021-01-05 00:00:00",95.290001,1,"CHWY","Chewy, Inc,","2019-06-14","13.95B","Pet Supplies, E-commerce",21300
"CHWY","2021-01-06 00:00:00",94.019997,1,"CHWY","Chewy, Inc,","2019-06-14","13.95B","Pet Supplies, E-commerce",21300
"CHWY","2021-01-07 00:00:00",97.980003,1,"CHWY","Chewy, Inc,","2019-06-14","13.95B","Pet Supplies, E-commerce",21300
"CHWY","2021-01-08 00:00:00",96.870003,1,"CHWY","Chewy, Inc,","2019-06-14","13.95B","Pet Supplies, E-commerce",21300
"CHWY","2021-01-11 00:00:00",97.150002,1,"CHWY","Chewy, Inc,","2019-06-14","13.95B","Pet Supplies, E-commerce",21300
"CHWY","2021-01-12 00:00:00",104.150002,1,"CHWY","Chewy, Inc,","2019-06-14","13.95B","Pet Supplies, E-commerce",21300
"CHWY","2021-01-13 00:00:00",112.459999,1,"CHWY","Chewy, Inc,","2019-06-14","13.95B","Pet Supplies, E-commerce",21300
"CHWY","2021-01-14 00:00:00",114.629997,1,"CHWY","Chewy, Inc,","2019-06-14","13.95B","Pet Supplies, E-commerce",21300
"CHWY","2021-01-15 00:00:00",108.110001,1,"CHWY","Chewy, Inc,","2019-06-14","13.95B","Pet Supplies, E-commerce",21300
"CHWY","2021-01-19 00:00:00",107.32,1,"CHWY","Chewy, Inc,","2019-06-14","13.95B","Pet Supplies, E-commerce",21300
"CHWY","2021-01-20 00:00:00",104.389999,1,"CHWY","Chewy, Inc,","2019-06-14","13.95B","Pet Supplies, E-commerce",21300
"CHWY","2021-01-21 00:00:00",105.099998,1,"CHWY","Chewy, Inc,","2019-06-14","13.95B","Pet Supplies, E-commerce",21300
"CHWY","2021-01-22 00:00:00",105.080002,1,"CHWY","Chewy, Inc,","2019-06-14","13.95B","Pet Supplies, E-commerce",21300
"CHWY","2021-01-25 00:00:00",102.489998,1,"CHWY","Chewy, Inc,","2019-06-14","13.95B","Pet Supplies, E-commerce",21300
"CHWY","2021-01-26 00:00:00",102.290001,1,"CHWY","Chewy, Inc,","2019-06-14","13.95B","Pet Supplies, E-commerce",21300
"CHWY","2021-01-27 00:00:00",103.989998,1,"CHWY","Chewy, Inc,","2019-06-14","13.95B","Pet Supplies, E-commerce",21300
"CHWY","2021-01-28 00:00:00",103.949997,1,"CHWY","Chewy, Inc,","2019-06-14","13.95B","Pet Supplies, E-commerce",21300
"CHWY","2021-01-29 00:00:00",101.82,1,"CHWY","Chewy, Inc,","2019-06-14","13.95B","Pet Supplies, E-commerce",21300
"CHWY","2021-02-01 00:00:00",101.440002,1,"CHWY","Chewy, Inc,","2019-06-14","13.95B","Pet Supplies, E-commerce",21300
"CHWY","2021-02-02 00:00:00",101.760002,1,"CHWY","Chewy, Inc,","2019-06-14","13.95B","Pet Supplies, E-commerce",21300
"CHWY","2021-02-03 00:00:00",103.709999,1,"CHWY","Chewy, Inc,","2019-06-14","13.95B","Pet Supplies, E-commerce",21300
"CHWY","2021-02-04 00:00:00",106.830002,1,"CHWY","Chewy, Inc,","2019-06-14","13.95B","Pet Supplies, E-commerce",21300
"CHWY","2021-02-05 00:00:00",110.699997,1,"CHWY","Chewy, Inc,","2019-06-14","13.95B","Pet Supplies, E-commerce",21300
"CHWY","2021-02-08 00:00:00",107.760002,1,"CHWY","Chewy, Inc,","2019-06-14","13.95B","Pet Supplies, E-commerce",21300
"CHWY","2021-02-09 00:00:00",109.75,1,"CHWY","Chewy, Inc,","2019-06-14","13.95B","Pet Supplies, E-commerce",21300
"CHWY","2021-02-10 00:00:00",107.089996,1,"CHWY","Chewy, Inc,","2019-06-14","13.95B","Pet Supplies, E-commerce",21300
"CHWY","2021-02-11 00:00:00",108.940002,1,"CHWY","Chewy, Inc,","2019-06-14","13.95B","Pet Supplies, E-commerce",21300
"CHWY","2021-02-12 00:00:00",118.690002,1,"CHWY","Chewy, Inc,","2019-06-14","13.95B","Pet Supplies, E-commerce",21300
"CHWY","2021-02-16 00:00:00",114.739998,1,"CHWY","Chewy, Inc,","2019-06-14","13.95B","Pet Supplies, E-commerce",21300
"CHWY","2021-02-17 00:00:00",110.489998,1,"CHWY","Chewy, Inc,","2019-06-14","13.95B","Pet Supplies, E-commerce",21300
"CHWY","2021-02-18 00:00:00",110.290001,1,"CHWY","Chewy, Inc,","2019-06-14","13.95B","Pet Supplies, E-commerce",21300
"CHWY","2021-02-19 00:00:00",113.949997,1,"CHWY","Chewy, Inc,","2019-06-14","13.95B","Pet Supplies, E-commerce",21300
"CHWY","2021-02-22 00:00:00",108.68,1,"CHWY","Chewy, Inc,","2019-06-14","13.95B","Pet Supplies, E-commerce",21300
"CHWY","2021-02-23 00:00:00",109.779999,1,"CHWY","Chewy, Inc,","2019-06-14","13.95B","Pet Supplies, E-commerce",21300
"CHWY","2021-02-24 00:00:00",105.230003,1,"CHWY","Chewy, Inc,","2019-06-14","13.95B","Pet Supplies, E-commerce",21300
"CHWY","2021-02-25 00:00:00",101.550003,1,"CHWY","Chewy, Inc,","2019-06-14","13.95B","Pet Supplies, E-commerce",21300
"CHWY","2021-02-26 00:00:00",101.559998,1,"CHWY","Chewy, Inc,","2019-06-14","13.95B","Pet Supplies, E-commerce",21300
"CHWY","2021-03-01 00:00:00",104.800003,1,"CHWY","Chewy, Inc,","2019-06-14","13.95B","Pet Supplies, E-commerce",21300
"CHWY","2021-03-02 00:00:00",98.860001,1,"CHWY","Chewy, Inc,","2019-06-14","13.95B","Pet Supplies, E-commerce",21300
"CHWY","2021-03-03 00:00:00",91.57,1,"CHWY","Chewy, Inc,","2019-06-14","13.95B","Pet Supplies, E-commerce",21300
"CHWY","2021-03-04 00:00:00",87.650002,1,"CHWY","Chewy, Inc,","2019-06-14","13.95B","Pet Supplies, E-commerce",21300
"CHWY","2021-03-05 00:00:00",82.870003,1,"CHWY","Chewy, Inc,","2019-06-14","13.95B","Pet Supplies, E-commerce",21300
"CHWY","2021-03-08 00:00:00",76.330002,1,"CHWY","Chewy, Inc,","2019-06-14","13.95B","Pet Supplies, E-commerce",21300
"CHWY","2021-03-09 00:00:00",80.43,1,"CHWY","Chewy, Inc,","2019-06-14","13.95B","Pet Supplies, E-commerce",21300
"CHWY","2021-03-10 00:00:00",80.589996,1,"CHWY","Chewy, Inc,","2019-06-14","13.95B","Pet Supplies, E-commerce",21300
"CHWY","2021-03-11 00:00:00",87.269997,1,"CHWY","Chewy, Inc,","2019-06-14","13.95B","Pet Supplies, E-commerce",21300
"CHWY","2021-03-12 00:00:00",85.599998,1,"CHWY","Chewy, Inc,","2019-06-14","13.95B","Pet Supplies, E-commerce",21300
"CHWY","2021-03-15 00:00:00",86.550003,1,"CHWY","Chewy, Inc,","2019-06-14","13.95B","Pet Supplies, E-commerce",21300
"CHWY","2021-03-16 00:00:00",82.290001,1,"CHWY","Chewy, Inc,","2019-06-14","13.95B","Pet Supplies, E-commerce",21300
"CHWY","2021-03-17 00:00:00",81.519997,1,"CHWY","Chewy, Inc,","2019-06-14","13.95B","Pet Supplies, E-commerce",21300
"CHWY","2021-03-18 00:00:00",77.510002,1,"CHWY","Chewy, Inc,","2019-06-14","13.95B","Pet Supplies, E-commerce",21300
"CHWY","2021-03-19 00:00:00",82.529999,1,"CHWY","Chewy, Inc,","2019-06-14","13.95B","Pet Supplies, E-commerce",21300
"CHWY","2021-03-22 00:00:00",85.879997,1,"CHWY","Chewy, Inc,","2019-06-14","13.95B","Pet Supplies, E-commerce",21300
"CHWY","2021-03-23 00:00:00",84.690002,1,"CHWY","Chewy, Inc,","2019-06-14","13.95B","Pet Supplies, E-commerce",21300
"CHWY","2021-03-24 00:00:00",79,1,"CHWY","Chewy, Inc,","2019-06-14","13.95B","Pet Supplies, E-commerce",21300
"CHWY","2021-03-25 00:00:00",79.040001,1,"CHWY","Chewy, Inc,","2019-06-14","13.95B","Pet Supplies, E-commerce",21300
"CHWY","2021-03-26 00:00:00",78.660004,1,"CHWY","Chewy, Inc,","2019-06-14","13.95B","Pet Supplies, E-commerce",21300
"CHWY","2021-03-29 00:00:00",78.849998,1,"CHWY","Chewy, Inc,","2019-06-14","13.95B","Pet Supplies, E-commerce",21300
"CHWY","2021-03-30 00:00:00",80.379997,1,"CHWY","Chewy, Inc,","2019-06-14","13.95B","Pet Supplies, E-commerce",21300
"CHWY","2021-03-31 00:00:00",84.709999,1,"CHWY","Chewy, Inc,","2019-06-14","13.95B","Pet Supplies, E-commerce",21300
"CHWY","2021-04-01 00:00:00",82.709999,1,"CHWY","Chewy, Inc,","2019-06-14","13.95B","Pet Supplies, E-commerce",21300
"CHWY","2021-04-05 00:00:00",80.849998,1,"CHWY","Chewy, Inc,","2019-06-14","13.95B","Pet Supplies, E-commerce",21300
"CHWY","2021-04-06 00:00:00",82.550003,1,"CHWY","Chewy, Inc,","2019-06-14","13.95B","Pet Supplies, E-commerce",21300
"CHWY","2021-04-07 00:00:00",81.849998,1,"CHWY","Chewy, Inc,","2019-06-14","13.95B","Pet Supplies, E-commerce",21300
"CHWY","2021-04-08 00:00:00",81.82,1,"CHWY","Chewy, Inc,","2019-06-14","13.95B","Pet Supplies, E-commerce",21300
"CHWY","2021-04-09 00:00:00",84.099998,1,"CHWY","Chewy, Inc,","2019-06-14","13.95B","Pet Supplies, E-commerce",21300
"CHWY","2021-04-12 00:00:00",84.040001,1,"CHWY","Chewy, Inc,","2019-06-14","13.95B","Pet Supplies, E-commerce",21300
"CHWY","2021-04-13 00:00:00",87.379997,1,"CHWY","Chewy, Inc,","2019-06-14","13.95B","Pet Supplies, E-commerce",21300
"CHWY","2021-04-14 00:00:00",85.559998,1,"CHWY","Chewy, Inc,","2019-06-14","13.95B","Pet Supplies, E-commerce",21300
"CHWY","2021-04-15 00:00:00",86.599998,1,"CHWY","Chewy, Inc,","2019-06-14","13.95B","Pet Supplies, E-commerce",21300
"CHWY","2021-04-16 00:00:00",84.150002,1,"CHWY","Chewy, Inc,","2019-06-14","13.95B","Pet Supplies, E-commerce",21300
"CHWY","2021-04-19 00:00:00",78.980003,1,"CHWY","Chewy, Inc,","2019-06-14","13.95B","Pet Supplies, E-commerce",21300
"CHWY","2021-04-20 00:00:00",77,1,"CHWY","Chewy, Inc,","2019-06-14","13.95B","Pet Supplies, E-commerce",21300
"CHWY","2021-04-21 00:00:00",80.239998,1,"CHWY","Chewy, Inc,","2019-06-14","13.95B","Pet Supplies, E-commerce",21300
"CHWY","2021-04-22 00:00:00",79.599998,1,"CHWY","Chewy, Inc,","2019-06-14","13.95B","Pet Supplies, E-commerce",21300
"CHWY","2021-04-23 00:00:00",80.589996,1,"CHWY","Chewy, Inc,","2019-06-14","13.95B","Pet Supplies, E-commerce",21300
"CHWY","2021-04-26 00:00:00",82.620003,1,"CHWY","Chewy, Inc,","2019-06-14","13.95B","Pet Supplies, E-commerce",21300
"CHWY","2021-04-27 00:00:00",82.68,1,"CHWY","Chewy, Inc,","2019-06-14","13.95B","Pet Supplies, E-commerce",21300
"CHWY","2021-04-28 00:00:00",81.889999,1,"CHWY","Chewy, Inc,","2019-06-14","13.95B","Pet Supplies, E-commerce",21300
"CHWY","2021-04-29 00:00:00",81.449997,1,"CHWY","Chewy, Inc,","2019-06-14","13.95B","Pet Supplies, E-commerce",21300
"CHWY","2021-04-30 00:00:00",79.720001,1,"CHWY","Chewy, Inc,","2019-06-14","13.95B","Pet Supplies, E-commerce",21300
"CHWY","2021-05-03 00:00:00",80.650002,1,"CHWY","Chewy, Inc,","2019-06-14","13.95B","Pet Supplies, E-commerce",21300
"CHWY","2021-05-04 00:00:00",77.339996,1,"CHWY","Chewy, Inc,","2019-06-14","13.95B","Pet Supplies, E-commerce",21300
"CHWY","2021-05-05 00:00:00",74.43,1,"CHWY","Chewy, Inc,","2019-06-14","13.95B","Pet Supplies, E-commerce",21300
"CHWY","2021-05-06 00:00:00",71.510002,1,"CHWY","Chewy, Inc,","2019-06-14","13.95B","Pet Supplies, E-commerce",21300
"CHWY","2021-05-07 00:00:00",71,1,"CHWY","Chewy, Inc,","2019-06-14","13.95B","Pet Supplies, E-commerce",21300
"CHWY","2021-05-10 00:00:00",67.830002,1,"CHWY","Chewy, Inc,","2019-06-14","13.95B","Pet Supplies, E-commerce",21300
"CHWY","2021-05-11 00:00:00",71.419998,1,"CHWY","Chewy, Inc,","2019-06-14","13.95B","Pet Supplies, E-commerce",21300
"CHWY","2021-05-12 00:00:00",68,1,"CHWY","Chewy, Inc,","2019-06-14","13.95B","Pet Supplies, E-commerce",21300
"CHWY","2021-05-13 00:00:00",65.68,1,"CHWY","Chewy, Inc,","2019-06-14","13.95B","Pet Supplies, E-commerce",21300
"CHWY","2021-05-14 00:00:00",67.75,1,"CHWY","Chewy, Inc,","2019-06-14","13.95B","Pet Supplies, E-commerce",21300
"CHWY","2021-05-17 00:00:00",70.209999,1,"CHWY","Chewy, Inc,","2019-06-14","13.95B","Pet Supplies, E-commerce",21300
"CHWY","2021-05-18 00:00:00",70.419998,1,"CHWY","Chewy, Inc,","2019-06-14","13.95B","Pet Supplies, E-commerce",21300
"CHWY","2021-05-19 00:00:00",70.589996,1,"CHWY","Chewy, Inc,","2019-06-14","13.95B","Pet Supplies, E-commerce",21300
"CHWY","2021-05-20 00:00:00",69.599998,1,"CHWY","Chewy, Inc,","2019-06-14","13.95B","Pet Supplies, E-commerce",21300
"CHWY","2021-05-21 00:00:00",67.760002,1,"CHWY","Chewy, Inc,","2019-06-14","13.95B","Pet Supplies, E-commerce",21300
"CHWY","2021-05-24 00:00:00",71.709999,1,"CHWY","Chewy, Inc,","2019-06-14","13.95B","Pet Supplies, E-commerce",21300
"CHWY","2021-05-25 00:00:00",72.93,1,"CHWY","Chewy, Inc,","2019-06-14","13.95B","Pet Supplies, E-commerce",21300
"CHWY","2021-05-26 00:00:00",73.959999,1,"CHWY","Chewy, Inc,","2019-06-14","13.95B","Pet Supplies, E-commerce",21300
"CHWY","2021-05-27 00:00:00",75.279999,1,"CHWY","Chewy, Inc,","2019-06-14","13.95B","Pet Supplies, E-commerce",21300
"CHWY","2021-05-28 00:00:00",73.620003,1,"CHWY","Chewy, Inc,","2019-06-14","13.95B","Pet Supplies, E-commerce",21300
"CHWY","2021-06-01 00:00:00",73.529999,1,"CHWY","Chewy, Inc,","2019-06-14","13.95B","Pet Supplies, E-commerce",21300
"CHWY","2021-06-02 00:00:00",77.519997,1,"CHWY","Chewy, Inc,","2019-06-14","13.95B","Pet Supplies, E-commerce",21300
"CHWY","2021-06-03 00:00:00",75.129997,1,"CHWY","Chewy, Inc,","2019-06-14","13.95B","Pet Supplies, E-commerce",21300
"CHWY","2021-06-04 00:00:00",75.209999,1,"CHWY","Chewy, Inc,","2019-06-14","13.95B","Pet Supplies, E-commerce",21300
"CHWY","2021-06-07 00:00:00",78.559998,1,"CHWY","Chewy, Inc,","2019-06-14","13.95B","Pet Supplies, E-commerce",21300
"CHWY","2021-06-08 00:00:00",79.470001,1,"CHWY","Chewy, Inc,","2019-06-14","13.95B","Pet Supplies, E-commerce",21300
"CHWY","2021-06-09 00:00:00",77.769997,1,"CHWY","Chewy, Inc,","2019-06-14","13.95B","Pet Supplies, E-commerce",21300
"CHWY","2021-06-10 00:00:00",79.349998,1,"CHWY","Chewy, Inc,","2019-06-14","13.95B","Pet Supplies, E-commerce",21300
"CHWY","2021-06-11 00:00:00",74.739998,1,"CHWY","Chewy, Inc,","2019-06-14","13.95B","Pet Supplies, E-commerce",21300
"CHWY","2021-06-14 00:00:00",75.07,1,"CHWY","Chewy, Inc,","2019-06-14","13.95B","Pet Supplies, E-commerce",21300
NULL,NULL,NULL,6,"FRPT","Freshpet, Inc.","2014-11-01","2.582B","Pet Food",789
NULL,NULL,NULL,3,"PETQ","PetIQ, Inc.","2017-07-20","222.031M","Pharmaceutical (animal)",849
NULL,NULL,NULL,5,"PETS","PetMed Express, Inc.","2020-02-01","438.348M","Pharmaceutical (animal)",212
NULL,NULL,NULL,2,"ELAN","Elanco Animal Health Incorporated","2018-09-20","5.651B","Pharmaceutical (animal)",10200
NULL,NULL,NULL,4,"IDXX","IDEXX Laboratories, Inc.","1991-06-21","27.574B","Healthcare",10000
